crop,category,season,yield_kg_per_acre,price_pkr_per_40kg,water_mm,days,n,p,k,profit_pkr,preferred_soil
wheat,cereal,rabi,1200,4000,450,130,90,45,30,48000,clay_loam
cotton,cash_crop,kharif,800,8500,700,180,120,60,60,120000,loam
rice,cereal,kharif,2000,3500,1200,120,100,50,50,55000,clay
maize,cereal,kharif,2500,2800,500,100,150,75,75,55000,loam
sugarcane,cash_crop,kharif,25000,350,1500,300,200,100,200,85000,clay_loam
chickpea,pulse,rabi,600,12000,300,110,20,40,20,52000,sandy_loam
lentil,pulse,rabi,500,14000,250,100,15,30,15,50000,sandy_loam
mungbean,pulse,kharif,400,13000,300,70,15,30,15,32000,sandy_loam
mothbean,pulse,kharif,350,11000,250,75,10,20,10,25000,sandy
mustard,oilseed,rabi,500,7000,350,110,60,30,20,25000,loam
rapeseed,oilseed,rabi,550,7500,350,110,60,30,20,30000,loam
groundnut,oilseed,kharif,600,10000,450,120,20,40,30,40000,sandy_loam
sesame,oilseed,kharif,300,15000,350,90,40,20,20,35000,sandy_loam
sunflower,oilseed,kharif,700,8000,500,100,80,40,40,36000,loam
potato,vegetable,rabi,8000,2000,500,100,150,100,150,110000,sandy_loam
onion,vegetable,rabi,6000,2500,450,120,100,50,50,125000,sandy_loam
tomato,vegetable,kharif,10000,3000,550,120,120,60,80,250000,loam
okra,vegetable,kharif,3000,4000,400,80,80,40,40,80000,loam
fodder_maize,fodder,kharif,15000,800,500,70,100,50,50,20000,loam
berseem,fodder,rabi,20000,1000,600,150,40,20,20,160000,clay_loam
lucerne,fodder,rabi,12000,1500,800,365,50,30,30,130000,loam