scheme_id,name,name_urdu,scheme_type,province,department,description,benefits,min_land_acres,max_land_acres,required_crops,farmer_categories,documents_required,application_deadline,application_method,application_url,contact_info,is_active,last_updated
kisan_card_punjab,"Kisan Card Punjab","کسان کارڈ پنجاب","kisan_card","punjab","Agriculture Department Punjab","Smart card for direct subsidy transfer on fertilizer, seeds, pesticides","Direct subsidy on fertilizer (PKR 1000/bag DAP, 500/bag Urea); Seeds subsidy; Pesticides subsidy; Access to agri-loans",0.5,50.0,"wheat,cotton,rice,maize,sugarcane","small,medium","CNIC, Land ownership/tenancy proof, Bank account",2024-06-30,"both","https://kisan.punjab.gov.pk","0800-17000 (Agriculture Helpline)",true,2024-01-15
fertilizer_subsidy_punjab,"Fertilizer Subsidy Punjab","کھاد کی سبسڈی پنجاب","fertilizer_subsidy","punjab","Agriculture Department Punjab","Subsidy on DAP and Urea fertilizers through Kisan Card","PKR 1000 per bag DAP; PKR 500 per bag Urea; Direct to bank account via Kisan Card",0.5,50.0,"wheat,cotton,rice,maize,sugarcane","small,medium","Kisan Card, CNIC, Land record",2024-06-30,"online","https://kisan.punjab.gov.pk","0800-17000",true,2024-01-15
wheat_support_price_punjab,"Wheat Support Price Punjab","گندم سپورٹ پرائس پنجاب","crop_insurance","punjab","Food Department Punjab","Government procurement of wheat at minimum support price","Guaranteed price PKR 3900/40kg; Procurement centers at mandis; Direct payment",1.0,100.0,"wheat","small,medium,large","CNIC, Land record, Crop receipt",2024-05-31,"offline","https://food.punjab.gov.pk","0800-17000",true,2024-01-15
solar_tubewell_punjab,"Solar Tubewell Scheme Punjab","سولر ٹیوب ویل اسکیم پنجاب","solar_tubewell","punjab","Energy Department Punjab","Subsidized solar-powered tubewells for irrigation","50% subsidy on solar tubewell (max PKR 500,000); Reduced diesel costs; Clean energy",5.0,50.0,[],"small,medium","CNIC, Land record, Electricity bill, Water availability certificate",2024-12-31,"online","https://energy.punjab.gov.pk","0800-17000",true,2024-01-15
agri_loan_punjab,"Agriculture Loan Punjab","زرعی قرضہ پنجاب","agri_loan","punjab","Bank of Punjab / ZTBL","Low-interest loans for crop production, machinery, livestock","Crop loan up to PKR 500,000 at 4% markup; Machinery loan up to PKR 2,000,000; Livestock loan up to PKR 1,000,000",0.5,100.0,[],"small,medium,large","CNIC, Land record, Kisan Card, Bank statement",2024-12-31,"both","https://www.bop.com.pk/agri-loan","0800-17000",true,2024-01-15
crop_insurance_punjab,"Crop Insurance Punjab","فصل کا انشورنس پنجاب","crop_insurance","punjab","Agriculture Department Punjab / Insurance companies","Weather-index based crop insurance for major crops","Premium subsidy 50-80%; Payout on yield loss >30%; Coverage for wheat, cotton, rice, maize",1.0,50.0,"wheat,cotton,rice,maize","small,medium","CNIC, Land record, Crop sowing certificate",2024-11-30,"online","https://kisan.punjab.gov.pk/insurance","0800-17000",true,2024-01-15
mechanization_subsidy_punjab,"Mechanization Subsidy Punjab","مشینری سبسڈی پنجاب","machinery_subsidy","punjab","Agriculture Department Punjab","Subsidy on farm machinery and equipment","50% subsidy on laser land leveler, combine harvester, planter, ridge maker, etc.",5.0,100.0,[],"small,medium,large","CNIC, Land record, Quotation from dealer",2024-12-31,"offline","https://agripunjab.gov.pk/mechanization","0800-17000",true,2024-01-15
seed_subsidy_punjab,"Certified Seed Subsidy Punjab","بيج سبسڈی پنجاب","seed_subsidy","punjab","Agriculture Department Punjab","Subsidy on certified seeds of major crops","50% subsidy on certified wheat, cotton, rice, maize, vegetable seeds",0.5,50.0,"wheat,cotton,rice,maize,vegetables","small,medium","CNIC, Land record, Kisan Card",2024-10-31,"both","https://kisan.punjab.gov.pk/seeds","0800-17000",true,2024-01-15
kisan_card_sindh,"Kisan Card Sindh","کسان کارڈ سندھ","kisan_card","sindh","Agriculture Department Sindh","Smart card for subsidy transfer and farmer registration","Fertilizer subsidy; Seed subsidy; Access to credit; Crop insurance linkage",0.5,50.0,"wheat,cotton,rice,sugarcane","small,medium","CNIC, Land record (Form VII), Bank account",2024-06-30,"both","https://agri.sindh.gov.pk/kisan-card","0800-12345",true,2024-01-15
fertilizer_subsidy_sindh,"Fertilizer Subsidy Sindh","کھاد سبسڈی سندھ","fertilizer_subsidy","sindh","Agriculture Department Sindh","Subsidy on phosphatic and nitrogenous fertilizers","PKR 800/bag DAP; PKR 400/bag Urea; Via Kisan Card",0.5,50.0,"wheat,cotton,rice,sugarcane","small,medium","Kisan Card, CNIC",2024-06-30,"online","https://agri.sindh.gov.pk","0800-12345",true,2024-01-15
wheat_procurement_sindh,"Wheat Procurement Sindh","گندم پرکیورمنٹ سندھ","crop_insurance","sindh","Food Department Sindh","Government wheat procurement at support price","Support price PKR 4000/40kg; Mandi procurement; Direct bank transfer",1.0,100.0,"wheat","small,medium,large","CNIC, Land record, Crop receipt",2024-05-31,"offline","https://food.sindh.gov.pk","0800-12345",true,2024-01-15
tube_well_subsidy_sindh,"Tube Well Subsidy Sindh","ٹیوب ویل سبسڈی سندھ","solar_tubewell","sindh","Agriculture Department Sindh","Subsidy on electric/diesel/solar tube wells","40-50% subsidy on tube well installation; Max PKR 400,000",5.0,100.0,[],"small,medium,large","CNIC, Land record, Water availability proof",2024-12-31,"offline","https://agri.sindh.gov.pk/tubewell","0800-12345",true,2024-01-15
agri_credit_sindh,"Agriculture Credit Sindh","زرعی کریڈٹ سندھ","agri_loan","sindh","Sindh Bank / ZTBL","Production loans for crops and livestock","Crop loan up to PKR 300,000; Livestock loan up to PKR 500,000; Low markup",0.5,50.0,[],"small,medium","CNIC, Land record, Kisan Card",2024-12-31,"both","https://sindhbank.com.pk/agri","0800-12345",true,2024-01-15
kisan_card_kpk,"Kisan Card KPK","کسان کارڈ کے پی کے","kisan_card","kpk","Agriculture Department KPK","Digital farmer registration and subsidy delivery","Fertilizer, seed, pesticide subsidies; Credit access; Training programs",0.5,50.0,"wheat,maize,sugarcane,orchards","small,medium","CNIC, Land record, Bank account",2024-06-30,"both","https://agriculture.kp.gov.pk/kisan-card","0800-12345",true,2024-01-15
fertilizer_subsidy_kpk,"Fertilizer Subsidy KPK","کھاد سبسڈی کے پی کے","fertilizer_subsidy","kpk","Agriculture Department KPK","Subsidy on major fertilizers for registered farmers","PKR 900/bag DAP; PKR 450/bag Urea; PKR 300/bag NPK",0.5,50.0,"wheat,maize,sugarcane","small,medium","Kisan Card, CNIC",2024-06-30,"online","https://agriculture.kp.gov.pk","0800-12345",true,2024-01-15
crop_insurance_kpk,"Crop Insurance KPK","فصل انشورنس کے پی کے","crop_insurance","kpk","Agriculture Department KPK","Weather-index insurance for Khyber Pakhtunkhwa crops","Premium subsidy up to 80%; Coverage for wheat, maize, orchards, vegetables",1.0,50.0,"wheat,maize,orchards,vegetables","small,medium","CNIC, Land record, Crop certificate",2024-11-30,"online","https://agriculture.kp.gov.pk/insurance","0800-12345",true,2024-01-15
orchard_development_kpk,"Orchard Development KPK","باغ بانی ترقی کے پی کے","machinery_subsidy","kpk","Agriculture Department KPK","Support for fruit orchard establishment and management","Subsidy on fruit plants (apple, peach, apricot, citrus); Drip irrigation; Training",2.0,20.0,"apple,peach,apricot,citrus,plum","small,medium","CNIC, Land record, Water availability",2024-12-31,"offline","https://agriculture.kp.gov.pk/orchards","0800-12345",true,2024-01-15
livestock_insurance_kpk,"Livestock Insurance KPK","مویشی انشورنس کے پی کے","crop_insurance","kpk","Livestock Department KPK","Insurance for dairy and meat animals","Premium subsidy 50%; Coverage for death, disease, theft; Cattle, buffalo, sheep, goat",0,100.0,[],"small,medium,large","CNIC, Animal tag/ID, Veterinary certificate",2024-12-31,"both","https://livestock.kp.gov.pk/insurance","0800-12345",true,2024-01-15
kisan_card_balochistan,"Kisan Card Balochistan","کسان کارڈ بلوچستان","kisan_card","balochistan","Agriculture Department Balochistan","Farmer registration and targeted subsidy delivery","Fertilizer subsidy; Seed support; Water management schemes",0.5,100.0,"wheat,rice,fruit,vegetables","small,medium","CNIC, Land record, Bank account",2024-06-30,"both","https://agri.balochistan.gov.pk/kisan-card","0800-12345",true,2024-01-15
water_management_balochistan,"Water Management Balochistan","پانی کا انتظام بلوچستان","solar_tubewell","balochistan","Agriculture Department Balochistan","Solar tubewells, drip irrigation, karez rehabilitation","70% subsidy on solar tubewells; Drip irrigation 50% subsidy; Karez cleaning",2.0,50.0,[],"small,medium","CNIC, Land record, Water source proof",2024-12-31,"offline","https://agri.balochistan.gov.pk/water","0800-12345",true,2024-01-15
date_palm_development,"Date Palm Development Balochistan","کھجور ترقی بلوچستان","machinery_subsidy","balochistan","Agriculture Department Balochistan","Support for date palm cultivation in Mekran region","Free date palm offshoots; Drip irrigation subsidy; Processing unit support",5.0,50.0,"date_palm","small,medium","CNIC, Land record, Soil/water test",2024-12-31,"offline","https://agri.balochistan.gov.pk/date-palm","0800-12345",true,2024-01-15
livestock_vaccination_balochistan,"Livestock Vaccination Balochistan","مویشی ویکسینیشن بلوچستان","training","balochistan","Livestock Department Balochistan","Free vaccination campaigns for livestock","Free FMD, PPR, HS, BQ vaccines; Deworming; Veterinary camps",0,100.0,[],"small,medium,large","CNIC, Animal record",2024-12-31,"offline","https://livestock.balochistan.gov.pk","0800-12345",true,2024-01-15