commodity,mandi_name,district,province,min_price_pkr_per_40kg,max_price_pkr_per_40kg,modal_price_pkr_per_40kg,arrivals_tonnes,date
wheat,faisalabad_grain_market,faisalabad,punjab,3800,4100,3950,500,2024-01-15
wheat,multan_grain_market,multan,punjab,3850,4150,4000,450,2024-01-15
wheat,lahore_grain_market,lahore,punjab,3900,4200,4050,600,2024-01-15
wheat,sargodha_grain_market,sargodha,punjab,3800,4100,3950,300,2024-01-15
wheat,bahawalpur_grain_market,bahawalpur,punjab,3750,4050,3900,250,2024-01-15
cotton,multan_cotton_market,multan,punjab,8000,9000,8500,200,2024-01-15
cotton,bahawalpur_cotton_market,bahawalpur,punjab,7900,8900,8400,180,2024-01-15
cotton,dg_khan_cotton_market,dg_khan,punjab,7800,8800,8300,150,2024-01-15
rice,gujranwala_grain_market,gujranwala,punjab,3200,3600,3400,400,2024-01-15
rice,sialkot_grain_market,sialkot,punjab,3100,3500,3300,350,2024-01-15
maize,faisalabad_grain_market,faisalabad,punjab,2600,3000,2800,300,2024-01-15
maize,sahiwal_grain_market,sahiwal,punjab,2500,2900,2700,250,2024-01-15
chickpea,rawalpindi_grain_market,rawalpindi,punjab,11500,12500,12000,100,2024-01-15
lentil,rawalpindi_grain_market,rawalpindi,punjab,13000,14500,14000,80,2024-01-15
mustard,multan_grain_market,multan,punjab,6500,7200,6800,120,2024-01-15
onion,lahore_vegetable_market,lahore,punjab,2200,2800,2500,300,2024-01-15
potato,lahore_vegetable_market,lahore,punjab,1800,2200,2000,400,2024-01-15
tomato,lahore_vegetable_market,lahore,punjab,2500,3500,3000,200,2024-01-15
sugarcane,faisalabad_grain_market,faisalabad,punjab,300,400,350,1000,2024-01-15
mungbean,multan_grain_market,multan,punjab,12000,13500,13000,80,2024-01-15