name,type,scientific_name,urdu_name,crops,symptoms,severity,confidence,treatments,prevention,threshold
whitefly,insect,Bemisia tabaci,سفید مکھی,"cotton,tomato,okra","leaves curling, yellowing, tiny white insects underside, sticky honeydew, sooty mold",moderate,0.9,"[{'type': 'cultural', 'name': 'Yellow sticky traps', 'method': 'trap', 'timing': 'Early season', 'cost_per_acre_pkr': 500}, {'type': 'biological', 'name': 'Encarsia formosa (parasitoid wasp)', 'method': 'release', 'timing': 'At first sight', 'cost_per_acre_pkr': 800}, {'type': 'chemical', 'name': 'Imidacloprid 17.8% SL', 'active_ingredient': 'imidacloprid', 'dosage_ml_per_acre': 100, 'method': 'spray', 'timing': 'Early morning, before 10 AM', 'frequency': 'Repeat after 14 days if needed', 'cost_per_acre_pkr': 400, 'safety': {'max_dosage_ml_per_acre': 200, 'pre_harvest_interval_days': 14, 're_entry_interval_hours': 12, 'protective_equipment': ['mask', 'gloves', 'goggles'], 'bee_toxicity': 'high', 'aquatic_toxicity': 'moderate'}}]","Yellow sticky traps for monitoring; Encourage natural enemies (ladybird beetles, lacewings); Avoid excessive nitrogen; Remove weed hosts","5 whiteflies/leaf or 10/trap/week"
aphid,insect,Aphis gossypii,سیلا,"cotton,okra,chili","curled leaves, sticky honeydew, black sooty mold, stunted growth, ants on plants",moderate,0.85,"[{'type': 'cultural', 'name': 'Water spray / neem extract', 'method': 'spray', 'timing': 'Early morning', 'cost_per_acre_pkr': 300}, {'type': 'biological', 'name': 'Ladybird beetles, lacewings', 'method': 'conserve', 'timing': 'Throughout season', 'cost_per_acre_pkr': 0}, {'type': 'chemical', 'name': 'Acetamiprid 20% SP', 'active_ingredient': 'acetamiprid', 'dosage_ml_per_acre': 80, 'method': 'spray', 'timing': 'Early morning', 'frequency': 'Repeat after 10-14 days', 'cost_per_acre_pkr': 350, 'safety': {'max_dosage_ml_per_acre': 150, 'pre_harvest_interval_days': 7, 're_entry_interval_hours': 12, 'protective_equipment': ['mask', 'gloves'], 'bee_toxicity': 'moderate', 'aquatic_toxicity': 'low'}}]","Remove weed hosts; Encourage beneficial insects; Avoid excessive nitrogen; Use reflective mulch","10 aphids/leaf"
jassid,insect,Amrasca devastans,چوسنی,"cotton,okra","yellowing leaves, hopper burn (brown tips), stunted growth, small green insects jumping",moderate,0.85,"[{'type': 'cultural', 'name': 'Early sowing, resistant varieties', 'method': 'cultural', 'timing': 'At sowing', 'cost_per_acre_pkr': 0}, {'type': 'chemical', 'name': 'Imidacloprid 17.8% SL', 'active_ingredient': 'imidacloprid', 'dosage_ml_per_acre': 100, 'method': 'spray', 'timing': 'Early morning', 'frequency': 'Repeat after 14 days', 'cost_per_acre_pkr': 400, 'safety': {'max_dosage_ml_per_acre': 200, 'pre_harvest_interval_days': 14, 're_entry_interval_hours': 12, 'protective_equipment': ['mask', 'gloves', 'goggles'], 'bee_toxicity': 'high', 'aquatic_toxicity': 'moderate'}}]","Early sowing; Resistant varieties (BT cotton); Balanced fertilizer; Monitor with light traps","2 jassids/leaf"
thrips,insect,Thrips tabaci,ترپس,"cotton,onion,chili","silvery leaves, curled leaves, stunted growth, black specks (excrement), flower drop",moderate,0.8,"[{'type': 'cultural', 'name': 'Blue sticky traps, weed removal', 'method': 'trap', 'timing': 'Early season', 'cost_per_acre_pkr': 400}, {'type': 'biological', 'name': 'Predatory mites (Amblyseius)', 'method': 'release', 'timing': 'At first sign', 'cost_per_acre_pkr': 1000}, {'type': 'chemical', 'name': 'Spinosad 45% SC', 'active_ingredient': 'spinosad', 'dosage_ml_per_acre': 100, 'method': 'spray', 'timing': 'Evening (bee safe)', 'frequency': 'Repeat after 7-10 days', 'cost_per_acre_pkr': 600, 'safety': {'max_dosage_ml_per_acre': 200, 'pre_harvest_interval_days': 3, 're_entry_interval_hours': 4, 'protective_equipment': ['mask', 'gloves'], 'bee_toxicity': 'low', 'aquatic_toxicity': 'moderate'}}]","Blue sticky traps; Remove weed hosts; Avoid planting near cereals; Mulching","5 thrips/flower"
bollworm,insect,Helicoverpa armigera,کنڈی کا کیڑا,"cotton,chickpea,tomato","holes in bolls/fruits, larvae inside, frass visible, premature boll opening",high,0.9,"[{'type': 'cultural', 'name': 'Pheromone traps, bird perches', 'method': 'trap', 'timing': 'Flowering stage', 'cost_per_acre_pkr': 600}, {'type': 'biological', 'name': 'NPV (nuclear polyhedrosis virus)', 'method': 'spray', 'timing': 'Early larval stage', 'cost_per_acre_pkr': 500}, {'type': 'chemical', 'name': 'Chlorantraniliprole 18.5% SC', 'active_ingredient': 'chlorantraniliprole', 'dosage_ml_per_acre': 60, 'method': 'spray', 'timing': 'Early morning/evening', 'frequency': 'Single application usually sufficient', 'cost_per_acre_pkr': 800, 'safety': {'max_dosage_ml_per_acre': 150, 'pre_harvest_interval_days': 14, 're_entry_interval_hours': 12, 'protective_equipment': ['mask', 'gloves', 'goggles'], 'bee_toxicity': 'low', 'aquatic_toxicity': 'low'}}]","Pheromone traps (5/acre); Bird perches (10/acre); Timely picking; Destroy crop residues","1 larva/10 plants or 5% boll damage"
pink_bollworm,insect,Pectinophora gossypiella,گلابی کنڈی کا کیڑا,"cotton","pink larvae in bolls, seeds damaged, bolls don't open properly, rosette flowers",high,0.9,"[{'type': 'cultural', 'name': 'PB rope (mating disruption), crop residue destruction', 'method': 'cultural', 'timing': 'Pre-flowering', 'cost_per_acre_pkr': 1000}, {'type': 'chemical', 'name': 'Emamectin benzoate 5% SG', 'active_ingredient': 'emamectin_benzoate', 'dosage_ml_per_acre': 100, 'method': 'spray', 'timing': 'Early morning', 'frequency': 'Repeat after 14 days', 'cost_per_acre_pkr': 500, 'safety': {'max_dosage_ml_per_acre': 80, 'pre_harvest_interval_days': 14, 're_entry_interval_hours': 12, 'protective_equipment': ['mask', 'gloves', 'goggles'], 'bee_toxicity': 'moderate', 'aquatic_toxicity': 'moderate'}}]","PB rope (10/acre); Destroy crop residues immediately; Late planting; Resistant varieties","1 larva/10 bolls or 2% boll damage"
armyworm,insect,Spodoptera frugiperda,لشکری کیڑا,"maize,sorghum,millet","ragged holes in leaves, sawdust-like frass in whorl, young larvae feed in groups",high,0.85,"[{'type': 'cultural', 'name': 'Early planting, deep plowing', 'method': 'cultural', 'timing': 'Pre-season', 'cost_per_acre_pkr': 0}, {'type': 'biological', 'name': 'Bacillus thuringiensis (Bt)', 'method': 'spray', 'timing': 'Early larval stage', 'cost_per_acre_pkr': 400}, {'type': 'chemical', 'name': 'Emamectin benzoate 5% SG', 'active_ingredient': 'emamectin_benzoate', 'dosage_ml_per_acre': 100, 'method': 'spray', 'timing': 'Evening', 'frequency': 'Repeat after 10 days', 'cost_per_acre_pkr': 500, 'safety': {'max_dosage_ml_per_acre': 80, 'pre_harvest_interval_days': 14, 're_entry_interval_hours': 12, 'protective_equipment': ['mask', 'gloves', 'goggles'], 'bee_toxicity': 'moderate', 'aquatic_toxicity': 'moderate'}}]","Early planting; Deep plowing; Pheromone traps; Remove alternate hosts","3 larvae/plant or 10% plant damage"
stem_borer,insect,Chilo partellus,تنا کا کیڑا,"maize,sorghum","dead hearts (central shoot dry), holes in stem, frass at base, tunneling in stem",moderate,0.8,"[{'type': 'cultural', 'name': 'Early planting, crop rotation, destroy stubble', 'method': 'cultural', 'timing': 'Pre-season', 'cost_per_acre_pkr': 0}, {'type': 'chemical', 'name': 'Fipronil 5% SC', 'active_ingredient': 'fipronil', 'dosage_ml_per_acre': 200, 'method': 'soil_drench', 'timing': 'At sowing', 'frequency': 'Single application', 'cost_per_acre_pkr': 600, 'safety': {'max_dosage_ml_per_acre': 100, 'pre_harvest_interval_days': 30, 're_entry_interval_hours': 24, 'protective_equipment': ['mask', 'gloves', 'goggles', 'boots'], 'bee_toxicity': 'high', 'aquatic_toxicity': 'high'}}]","Early planting; Crop rotation with legumes; Destroy stubble; Resistant varieties","5% dead hearts"
leaf_folder,insect,Cnaphalocrocis medinalis,پتوں کو موڑنے والا کیڑا,"rice","leaves folded longitudinally, larvae inside, white streaks on leaves, reduced photosynthesis",moderate,0.85,"[{'type': 'cultural', 'name': 'Remove weeds, balanced fertilizer', 'method': 'cultural', 'timing': 'Vegetative stage', 'cost_per_acre_pkr': 0}, {'type': 'chemical', 'name': 'Chlorantraniliprole 18.5% SC', 'active_ingredient': 'chlorantraniliprole', 'dosage_ml_per_acre': 60, 'method': 'spray', 'timing': 'Early morning', 'frequency': 'Single application', 'cost_per_acre_pkr': 800, 'safety': {'max_dosage_ml_per_acre': 150, 'pre_harvest_interval_days': 14, 're_entry_interval_hours': 12, 'protective_equipment': ['mask', 'gloves', 'goggles'], 'bee_toxicity': 'low', 'aquatic_toxicity': 'low'}}]","Remove grassy weeds; Balanced fertilizer (avoid excess N); Light traps","2 folded leaves/hill"
blast,disease,Magnaporthe oryzae,بلاسٹ (بیماری),"rice","diamond-shaped lesions on leaves, gray centers with brown borders, neck blast (panicle neck rot)",high,0.9,"[{'type': 'cultural', 'name': 'Resistant varieties, avoid excess N, drainage', 'method': 'cultural', 'timing': 'Pre-season', 'cost_per_acre_pkr': 0}, {'type': 'chemical', 'name': 'Tricyclazole 75% WP', 'active_ingredient': 'tricyclazole', 'dosage_ml_per_acre': 150, 'method': 'spray', 'timing': 'Tillering to panicle initiation', 'frequency': 'Repeat after 10-15 days', 'cost_per_acre_pkr': 450, 'safety': {'max_dosage_ml_per_acre': 200, 'pre_harvest_interval_days': 21, 're_entry_interval_hours': 12, 'protective_equipment': ['mask', 'gloves', 'goggles'], 'bee_toxicity': 'low', 'aquatic_toxicity': 'moderate'}}]","Resistant varieties; Avoid excess nitrogen; Proper water management; Silicon fertilizer","1 lesion/leaf or 5% leaf area"
blight,disease,Alternaria solani,بلائٹ (بیماری),"tomato,potato","concentric rings on leaves (target spots), yellowing, defoliation, fruit rot",moderate,0.85,"[{'type': 'cultural', 'name': 'Crop rotation, stake plants, mulch', 'method': 'cultural', 'timing': 'Pre-season', 'cost_per_acre_pkr': 0}, {'type': 'chemical', 'name': 'Mancozeb 75% WP', 'active_ingredient': 'mancozeb', 'dosage_ml_per_acre': 1000, 'method': 'spray', 'timing': 'First sign, then weekly', 'frequency': 'Repeat every 7-10 days', 'cost_per_acre_pkr': 400, 'safety': {'max_dosage_ml_per_acre': 2000, 'pre_harvest_interval_days': 14, 're_entry_interval_hours': 24, 'protective_equipment': ['mask', 'gloves', 'goggles'], 'bee_toxicity': 'low', 'aquatic_toxicity': 'moderate'}}]","Crop rotation (3 years); Stake plants; Mulch; Avoid overhead irrigation; Remove infected leaves","5% leaf area"
rust,disease,Puccinia spp.,زنگ (بیماری),"wheat,barley","orange-brown pustules on leaves/stems, powdery spores rub off, yellowing, stunting",moderate,0.9,"[{'type': 'cultural', 'name': 'Resistant varieties, early sowing', 'method': 'cultural', 'timing': 'At sowing', 'cost_per_acre_pkr': 0}, {'type': 'chemical', 'name': 'Propiconazole 25% EC', 'active_ingredient': 'propiconazole', 'dosage_ml_per_acre': 200, 'method': 'spray', 'timing': 'First appearance', 'frequency': 'Repeat after 14-21 days', 'cost_per_acre_pkr': 500, 'safety': {'max_dosage_ml_per_acre': 250, 'pre_harvest_interval_days': 21, 're_entry_interval_hours': 12, 'protective_equipment': ['mask', 'gloves', 'goggles'], 'bee_toxicity': 'low', 'aquatic_toxicity': 'moderate'}}]","Resistant varieties; Early sowing; Balanced fertilizer; Avoid late irrigation","1 pustule/leaf or 5% leaf area"
wilt,disease,Fusarium oxysporum,مرجھا (بیماری),"cotton,tomato,chili","sudden wilting, yellowing lower leaves first, vascular browning, plant death",high,0.8,"[{'type': 'cultural', 'name': 'Crop rotation, soil solarization, resistant varieties', 'method': 'cultural', 'timing': 'Pre-season', 'cost_per_acre_pkr': 0}, {'type': 'biological', 'name': 'Trichoderma viride', 'method': 'soil_drench', 'timing': 'At sowing', 'cost_per_acre_pkr': 600}, {'type': 'chemical', 'name': 'Carbendazim 50% WP', 'active_ingredient': 'carbendazim', 'dosage_ml_per_acre': 500, 'method': 'soil_drench', 'timing': 'At sowing / early stage', 'frequency': 'Single application', 'cost_per_acre_pkr': 400, 'safety': {'max_dosage_ml_per_acre': 1000, 'pre_harvest_interval_days': 30, 're_entry_interval_hours': 24, 'protective_equipment': ['mask', 'gloves', 'goggles'], 'bee_toxicity': 'low', 'aquatic_toxicity': 'low'}}]","Crop rotation (3-4 years); Soil solarization; Resistant varieties; Seed treatment; Improve drainage","Any infected plant"
root_rot,disease,Phytophthora spp.,جڑ کا گلن (بیماری),"cotton,chili,vegetables","stunted growth, yellowing, wilting, dark brown/black roots, foul smell",high,0.8,"[{'type': 'cultural', 'name': 'Raised beds, drainage, avoid over-irrigation', 'method': 'cultural', 'timing': 'Pre-season', 'cost_per_acre_pkr': 0}, {'type': 'chemical', 'name': 'Metalaxyl 35% WS', 'active_ingredient': 'metalaxyl', 'dosage_ml_per_acre': 500, 'method': 'seed_treatment', 'timing': 'At sowing', 'frequency': 'Single application', 'cost_per_acre_pkr': 500, 'safety': {'max_dosage_ml_per_acre': 1000, 'pre_harvest_interval_days': 0, 're_entry_interval_hours': 12, 'protective_equipment': ['mask', 'gloves'], 'bee_toxicity': 'low', 'aquatic_toxicity': 'low'}}]","Raised beds; Good drainage; Avoid over-irrigation; Seed treatment; Crop rotation","Any infected plant"